delivery_id,delivery_partner,package_type,delivery_mode,region,weather_condition,distance_km,package_weight_kg,predict_severity_label,vehicle_type,km_per_expected_hr,mode_urgency,schedule_risk,vehicle_load_strain,carrier_avg_schedule,weather_severity,weight_x_distance,cost_per_kg,delay_reason,llm_insights,original_severity,simulated_severity
3775.0,dhl,groceries,express,east,stormy,247.7,29.77,Long (6+h),truck,40.61,3,12,1843.51,15.3714,4,7374.029,46.126883160361565,"stormy weather, express delivery, long distance (248 km), heavy package (29.8 kg)",,Long (6+h),Long (6+h)
8841.0,ekart,clothing,express,east,stormy,250.3,31.07,Long (6+h),van,35.25,3,12,2592.27,16.5184,4,7776.821000000001,44.74526788578761,"stormy weather, express delivery, long distance (250 km), heavy package (31.1 kg)",,Long (6+h),Medium (3-5h)
23052.0,amazon logistics,groceries,same day,east,stormy,165.4,43.19,Short (1-2h),scooter,20.42,4,12,3571.81,15.0932,3,7143.626,24.40679140679141,"rainy weather, same day delivery, long distance (165 km), heavy package (43.2 kg)",,Short (1-2h),Long (6+h)
23679.0,xpressbees,automobile parts,express,east,stormy,275.8,33.47,Long (6+h),van,38.85,3,12,3077.01,16.7146,4,9231.026,45.55883229073578,"stormy weather, express delivery, long distance (276 km), heavy package (33.5 kg)",,Long (6+h),Medium (3-5h)
7826.0,amazon logistics,pharmacy,express,east,stormy,175.5,10.5,Short (1-2h),scooter,34.41,3,0,921.38,15.0932,0,1842.75,90.47169811320757,"express delivery, long distance (176 km)",,Short (1-2h),Medium (3-5h)
2431.0,blue dart,documents,express,east,stormy,130.3,25.76,Short (1-2h),truck,31.78,3,6,839.13,15.6608,2,3356.5280000000007,30.115235885537505,"foggy weather, express delivery, long distance (130 km), heavy package (25.8 kg)",,Short (1-2h),Short (1-2h)
12927.0,xpressbees,pharmacy,express,east,stormy,69.6,32.53,Medium (3-5h),scooter,22.45,3,12,1132.04,16.7146,4,2264.0879999999997,15.188170395341707,"stormy weather, express delivery, medium distance (70 km), heavy package (32.5 kg)",,Medium (3-5h),Medium (3-5h)
2517.0,xpressbees,fragile items,express,east,stormy,173.0,40.83,Short (1-2h),ev van,33.92,3,6,3531.8,16.7146,2,7063.59,25.34791106767652,"foggy weather, express delivery, long distance (173 km), heavy package (40.8 kg)",,Short (1-2h),Medium (3-5h)
3589.0,shadowfax,groceries,express,east,stormy,259.5,18.24,Short (1-2h),scooter,36.55,3,3,2366.64,15.4278,1,4733.28,76.45692475463468,"express delivery, long distance (260 km), heavy package (18.2 kg)",,Short (1-2h),Long (6+h)
5001.0,blue dart,documents,express,east,stormy,194.7,35.55,Short (1-2h),truck,38.18,3,6,1730.4,15.6608,2,6921.584999999999,31.701262272089764,"foggy weather, express delivery, long distance (195 km), heavy package (35.5 kg)",,Short (1-2h),Medium (3-5h)
18495.0,ecom express,automobile parts,express,east,stormy,209.8,0.67,Medium (3-5h),scooter,34.39,3,12,70.28,16.3949,4,140.566,1428.2857142857142,"stormy weather, express delivery, long distance (210 km)",,Medium (3-5h),Medium (3-5h)
7233.0,dhl,electronics,express,east,stormy,206.4,43.08,Short (1-2h),ev van,33.84,3,0,4445.86,15.3714,0,8891.712,28.050949513663735,"express delivery, long distance (206 km), heavy package (43.1 kg)",,Short (1-2h),Medium (3-5h)
9973.0,shadowfax,documents,same day,east,stormy,263.2,42.84,Short (1-2h),ev bike,32.49,4,0,5637.74,15.4278,0,11275.488,35.96925943176525,"same day delivery, long distance (263 km), heavy package (42.8 kg)",,Short (1-2h),Medium (3-5h)
5788.0,shadowfax,furniture,express,east,stormy,44.8,0.67,Short (1-2h),ev bike,21.33,3,9,15.01,15.4278,3,30.016,357.87012987012986,"rainy weather, express delivery",,Short (1-2h),Medium (3-5h)
7491.0,blue dart,cosmetics,express,east,stormy,168.1,11.27,Short (1-2h),truck,32.96,3,3,473.62,15.6608,1,1894.487,81.29375549692172,"express delivery, long distance (168 km)",,Short (1-2h),Long (6+h)
22760.0,ekart,automobile parts,express,east,stormy,276.6,15.86,Medium (3-5h),ev van,38.96,3,6,2193.44,16.5184,2,4386.876,92.76817042606515,"foggy weather, express delivery, long distance (277 km), heavy package (15.9 kg)",,Medium (3-5h),Medium (3-5h)
9301.0,blue dart,fragile items,express,east,stormy,185.2,39.58,Short (1-2h),van,36.31,3,0,2443.41,15.6608,0,7330.215999999999,27.58921370967742,"express delivery, long distance (185 km), heavy package (39.6 kg)",,Short (1-2h),Long (6+h)
16502.0,dhl,furniture,express,east,stormy,272.1,46.43,Medium (3-5h),truck,38.32,3,6,3158.4,15.3714,2,12633.603,33.307328605200944,"foggy weather, express delivery, long distance (272 km), heavy package (46.4 kg)",,Medium (3-5h),Long (6+h)
9874.0,dhl,furniture,express,east,stormy,219.4,3.67,Short (1-2h),truck,35.97,3,3,201.3,15.3714,1,805.198,307.16445623342173,"express delivery, long distance (219 km)",,Short (1-2h),Medium (3-5h)
2520.0,ecom express,groceries,express,east,stormy,226.4,18.97,Long (6+h),truck,37.11,3,12,1073.7,16.3949,4,4294.808,64.96643943366544,"stormy weather, express delivery, long distance (226 km), heavy package (19.0 kg)",,Long (6+h),Medium (3-5h)
14434.0,xpressbees,fragile items,express,east,stormy,160.6,38.08,Short (1-2h),ev bike,31.49,3,3,3057.82,16.7146,1,6115.647999999999,25.333682556312205,"express delivery, long distance (161 km), heavy package (38.1 kg)",,Short (1-2h),Medium (3-5h)
9099.0,fedex,automobile parts,express,east,stormy,188.0,33.1,Short (1-2h),van,36.86,3,0,2074.27,15.086,0,6222.8,32.81024096385542,"express delivery, long distance (188 km), heavy package (33.1 kg)",,Short (1-2h),Medium (3-5h)
11750.0,blue dart,electronics,same day,east,stormy,149.6,11.77,Medium (3-5h),ev bike,18.47,4,16,880.4,15.6608,4,1760.792,74.41533277169334,"stormy weather, same day delivery, long distance (150 km)",,Medium (3-5h),Medium (3-5h)
22414.0,fedex,clothing,express,east,stormy,70.9,21.35,Medium (3-5h),ev bike,22.87,3,12,756.86,15.086,4,1513.715,21.84382284382284,"stormy weather, express delivery, medium distance (71 km), heavy package (21.4 kg)",,Medium (3-5h),Long (6+h)
9730.0,shadowfax,cosmetics,same day,east,stormy,297.1,45.83,Medium (3-5h),ev van,36.68,4,16,6808.05,15.4278,4,13616.093,35.54802090137166,"stormy weather, same day delivery, long distance (297 km), heavy package (45.8 kg)",,Medium (3-5h),Long (6+h)
24028.0,delhivery,cosmetics,express,east,stormy,170.4,13.47,Medium (3-5h),ev bike,33.41,3,6,1147.64,14.5973,2,2295.288,69.44804716285924,"foggy weather, express delivery, long distance (170 km)",,Medium (3-5h),Medium (3-5h)
6364.0,ekart,groceries,express,east,stormy,180.1,37.41,Medium (3-5h),bike,35.31,3,12,6737.54,16.5184,4,6737.540999999999,28.331911490269263,"stormy weather, express delivery, long distance (180 km), heavy package (37.4 kg)",,Medium (3-5h),Medium (3-5h)
14805.0,blue dart,cosmetics,express,east,stormy,219.9,7.7,Medium (3-5h),scooter,36.05,3,12,846.62,15.6608,4,1693.23,150.33333333333331,"stormy weather, express delivery, long distance (220 km)",,Medium (3-5h),Long (6+h)
20557.0,dhl,electronics,express,east,stormy,279.4,49.28,Short (1-2h),ev van,39.35,3,3,6884.42,15.3714,1,13768.832,32.29728635074929,"express delivery, long distance (279 km), heavy package (49.3 kg)",,Short (1-2h),Medium (3-5h)
13365.0,fedex,electronics,express,east,stormy,260.2,27.12,Medium (3-5h),bike,36.65,3,6,7056.62,15.086,2,7056.624,52.62160176340925,"foggy weather, express delivery, long distance (260 km), heavy package (27.1 kg)",,Medium (3-5h),Long (6+h)
13160.0,ecom express,groceries,express,east,stormy,291.1,2.52,Medium (3-5h),bike,41.0,3,0,733.57,16.3949,0,733.5720000000001,577.5038167938931,"express delivery, long distance (291 km)",,Medium (3-5h),Short (1-2h)
19073.0,fedex,cosmetics,same day,east,stormy,220.2,37.6,Short (1-2h),bike,27.19,4,8,8279.52,15.086,2,8279.52,34.84880636604774,"foggy weather, same day delivery, long distance (220 km), heavy package (37.6 kg)",,Short (1-2h),Medium (3-5h)
23679.0,xpressbees,automobile parts,express,east,stormy,275.8,33.47,Long (6+h),van,38.85,3,12,3077.01,16.7146,4,9231.026,45.55883229073578,"stormy weather, express delivery, long distance (276 km), heavy package (33.5 kg)",,Long (6+h),Medium (3-5h)
19515.0,delhivery,groceries,express,east,stormy,4.7,19.63,Short (1-2h),van,2.24,3,6,30.75,14.5973,2,92.261,6.710086163203243,"foggy weather, express delivery, heavy package (19.6 kg)",,Short (1-2h),Medium (3-5h)
6895.0,xpressbees,fragile items,express,east,stormy,221.5,15.45,Short (1-2h),ev bike,36.31,3,6,1711.09,16.7146,2,3422.1749999999997,77.41800643086816,"foggy weather, express delivery, long distance (222 km), heavy package (15.4 kg)",,Short (1-2h),Long (6+h)
1949.0,delhivery,documents,express,east,stormy,31.3,43.14,Short (1-2h),ev bike,14.9,3,9,675.14,14.5973,3,1350.2820000000002,7.768732654949122,"rainy weather, express delivery, heavy package (43.1 kg)",,Short (1-2h),Long (6+h)
5420.0,shadowfax,cosmetics,express,east,stormy,235.5,0.67,Long (6+h),ev bike,38.61,3,12,78.89,15.4278,4,157.785,1596.25974025974,"stormy weather, express delivery, long distance (236 km)",,Long (6+h),Long (6+h)
3810.0,shadowfax,automobile parts,express,east,stormy,42.1,7.61,Long (6+h),bike,20.05,3,12,320.38,15.4278,4,320.38100000000003,36.74837872892348,"stormy weather, express delivery",,Long (6+h),Medium (3-5h)
15695.0,ecom express,clothing,express,east,stormy,197.1,28.19,Short (1-2h),truck,38.65,3,3,1389.06,16.3949,1,5556.249,39.59243548957228,"express delivery, long distance (197 km), heavy package (28.2 kg)",,Short (1-2h),Medium (3-5h)
24678.0,xpressbees,pharmacy,express,east,stormy,196.2,21.87,Short (1-2h),truck,38.47,3,3,1072.72,16.7146,1,4290.894,49.91397360036412,"express delivery, long distance (196 km), heavy package (21.9 kg)",,Short (1-2h),Long (6+h)
20842.0,blue dart,automobile parts,express,east,stormy,264.6,42.04,Short (1-2h),ev bike,37.27,3,0,5561.89,15.6608,0,11123.784,35.57475083056478,"express delivery, long distance (265 km), heavy package (42.0 kg)",,Short (1-2h),Long (6+h)
11312.0,blue dart,documents,express,east,stormy,75.7,15.0,Long (6+h),ev van,24.42,3,12,567.75,15.6608,4,1135.5,31.357615894039736,"stormy weather, express delivery, medium distance (76 km)",,Long (6+h),Medium (3-5h)
9789.0,xpressbees,clothing,express,east,stormy,244.9,36.12,Medium (3-5h),scooter,40.15,3,6,4422.89,16.7146,2,8845.788,38.1794588625069,"foggy weather, express delivery, long distance (245 km), heavy package (36.1 kg)",,Medium (3-5h),Medium (3-5h)
12422.0,delhivery,furniture,express,east,stormy,144.2,29.48,Short (1-2h),ev van,35.17,3,3,2125.51,14.5973,1,4251.016,29.05476673427992,"express delivery, long distance (144 km), heavy package (29.5 kg)",,Short (1-2h),Long (6+h)
19362.0,shadowfax,automobile parts,express,east,stormy,213.9,4.0,Short (1-2h),bike,35.07,3,3,855.6,15.4278,1,855.6,275.9756097560976,"express delivery, long distance (214 km)",,Short (1-2h),Long (6+h)
24028.0,delhivery,cosmetics,express,east,stormy,170.4,13.47,Medium (3-5h),ev bike,33.41,3,6,1147.64,14.5973,2,2295.288,69.44804716285924,"foggy weather, express delivery, long distance (170 km)",,Medium (3-5h),Medium (3-5h)
1898.0,amazon logistics,fragile items,express,east,stormy,226.3,49.52,Long (6+h),bike,37.1,3,9,11206.38,15.0932,3,11206.376000000002,26.831519548569126,"rainy weather, express delivery, long distance (226 km), heavy package (49.5 kg)",,Long (6+h),Medium (3-5h)
19095.0,ecom express,pharmacy,express,east,stormy,16.0,11.08,Medium (3-5h),bike,7.62,3,12,177.28,16.3949,4,177.28,14.601073345259392,"stormy weather, express delivery",,Medium (3-5h),Medium (3-5h)
3465.0,dhl,groceries,express,east,stormy,210.7,44.97,Medium (3-5h),bike,34.54,3,12,9475.18,15.3714,4,9475.179,27.477479476370092,"stormy weather, express delivery, long distance (211 km), heavy package (45.0 kg)",,Medium (3-5h),Medium (3-5h)
12871.0,shadowfax,documents,same day,east,stormy,237.3,40.69,Medium (3-5h),truck,29.3,4,16,2413.93,15.4278,4,9655.737,34.532238293699436,"stormy weather, same day delivery, long distance (237 km), heavy package (40.7 kg)",,Medium (3-5h),Long (6+h)
4605.0,blue dart,pharmacy,same day,east,stormy,297.1,17.05,Short (1-2h),truck,36.68,4,8,1266.39,15.6608,2,5065.555,95.20236734693876,"foggy weather, same day delivery, long distance (297 km), heavy package (17.1 kg)",,Short (1-2h),Long (6+h)
1005.0,blue dart,automobile parts,express,east,stormy,290.7,24.13,Short (1-2h),scooter,40.94,3,3,3507.3,15.6608,1,7014.590999999999,65.03879488237722,"express delivery, long distance (291 km), heavy package (24.1 kg)",,Short (1-2h),Medium (3-5h)
24750.01,delhivery,fragile items,same day,east,stormy,259.1,32.23,Short (1-2h),bike,31.99,4,8,8350.79,14.5973,2,8350.793,46.15496442932262,"foggy weather, same day delivery, long distance (259 km), heavy package (32.2 kg)",,Short (1-2h),Medium (3-5h)
18620.0,shadowfax,groceries,express,east,stormy,286.2,20.76,Medium (3-5h),bike,40.31,3,3,5941.51,15.4278,1,5941.512000000001,73.98274209012463,"express delivery, long distance (286 km), heavy package (20.8 kg)",,Medium (3-5h),Medium (3-5h)
9796.0,fedex,fragile items,same day,east,stormy,150.1,14.58,Short (1-2h),ev bike,18.53,4,12,1094.23,15.086,3,2188.458,60.915531335149865,"rainy weather, same day delivery, long distance (150 km)",,Short (1-2h),Short (1-2h)
19228.0,ekart,documents,express,east,stormy,238.0,14.81,Short (1-2h),scooter,39.02,3,3,1762.39,16.5184,1,3524.78,86.1455399061033,"express delivery, long distance (238 km)",,Short (1-2h),Medium (3-5h)
23198.0,xpressbees,cosmetics,express,east,stormy,73.5,21.62,Short (1-2h),van,23.71,3,6,529.69,16.7146,2,1589.0700000000002,22.208103130755063,"foggy weather, express delivery, medium distance (74 km), heavy package (21.6 kg)",,Short (1-2h),Long (6+h)
20738.0,fedex,cosmetics,express,east,stormy,138.8,0.95,Short (1-2h),van,33.85,3,0,43.95,15.086,0,131.86,711.2857142857142,"express delivery, long distance (139 km)",,Short (1-2h),Long (6+h)
13484.0,dhl,fragile items,same day,east,stormy,113.7,49.11,Short (1-2h),ev van,14.04,4,16,2791.9,15.3714,4,5583.807,16.578540946962,"stormy weather, same day delivery, long distance (114 km), heavy package (49.1 kg)",,Short (1-2h),Long (6+h)
8524.0,amazon logistics,cosmetics,express,east,stormy,223.2,15.24,Short (1-2h),ev bike,36.59,3,3,1700.78,15.0932,1,3401.568,78.99087353324641,"express delivery, long distance (223 km), heavy package (15.2 kg)",,Short (1-2h),Medium (3-5h)
6321.0,xpressbees,documents,express,east,stormy,107.8,45.72,Medium (3-5h),bike,26.29,3,9,4928.62,16.7146,3,4928.616,15.848101265822784,"rainy weather, express delivery, long distance (108 km), heavy package (45.7 kg)",,Medium (3-5h),Medium (3-5h)
10147.0,ecom express,cosmetics,express,east,stormy,184.6,7.97,Medium (3-5h),scooter,36.2,3,12,735.63,16.3949,4,1471.262,123.53283767038413,"stormy weather, express delivery, long distance (185 km)",,Medium (3-5h),Medium (3-5h)
8303.0,fedex,cosmetics,same day,east,stormy,144.9,15.87,Short (1-2h),van,17.89,4,12,766.52,15.086,3,2299.563,54.60926737633063,"rainy weather, same day delivery, long distance (145 km), heavy package (15.9 kg)",,Short (1-2h),Medium (3-5h)
4911.0,ecom express,electronics,express,east,stormy,82.1,17.86,Medium (3-5h),van,26.48,3,9,488.77,16.3949,3,1466.3059999999998,28.62360801781737,"rainy weather, express delivery, medium distance (82 km), heavy package (17.9 kg)",,Medium (3-5h),Long (6+h)
17102.0,shadowfax,furniture,express,east,stormy,213.9,36.07,Short (1-2h),truck,35.07,3,6,1928.84,15.4278,2,7715.373,33.942770251589714,"foggy weather, express delivery, long distance (214 km), heavy package (36.1 kg)",,Short (1-2h),Medium (3-5h)
11187.0,shadowfax,automobile parts,same day,east,stormy,161.8,18.21,Medium (3-5h),ev bike,19.98,4,16,1473.19,15.4278,4,2946.378,52.62861824139814,"stormy weather, same day delivery, long distance (162 km), heavy package (18.2 kg)",,Medium (3-5h),Short (1-2h)
12388.0,fedex,furniture,express,east,stormy,241.7,38.77,Short (1-2h),ev van,39.62,3,0,4685.35,15.086,0,9370.709,35.3694365834834,"express delivery, long distance (242 km), heavy package (38.8 kg)",,Short (1-2h),Medium (3-5h)
2228.0,ecom express,cosmetics,express,east,stormy,58.6,37.99,Medium (3-5h),ev bike,18.9,3,9,1113.11,16.3949,3,2226.2140000000004,11.99711210291415,"rainy weather, express delivery, medium distance (59 km), heavy package (38.0 kg)",,Medium (3-5h),Medium (3-5h)
21135.0,xpressbees,electronics,express,east,stormy,133.4,8.45,Medium (3-5h),bike,32.54,3,6,1127.23,16.7146,2,1127.23,86.82456140350878,"foggy weather, express delivery, long distance (133 km)",,Medium (3-5h),Medium (3-5h)
15950.0,amazon logistics,fragile items,express,east,stormy,82.1,48.22,Medium (3-5h),scooter,26.48,3,12,1979.43,15.0932,4,3958.862,12.524006622516556,"stormy weather, express delivery, medium distance (82 km), heavy package (48.2 kg)",,Medium (3-5h),Long (6+h)
23838.0,ecom express,pharmacy,same day,east,stormy,225.8,21.42,Short (1-2h),ev bike,27.88,4,12,2418.32,16.3949,3,4836.636,60.095724907063186,"rainy weather, same day delivery, long distance (226 km), heavy package (21.4 kg)",,Short (1-2h),Short (1-2h)
10021.0,blue dart,automobile parts,express,east,stormy,69.4,4.34,Medium (3-5h),truck,22.39,3,9,75.3,15.6608,3,301.196,92.34684684684686,"rainy weather, express delivery, medium distance (69 km)",,Medium (3-5h),Medium (3-5h)
9293.0,xpressbees,clothing,express,east,stormy,49.0,9.96,Short (1-2h),van,23.33,3,6,162.68,16.7146,2,488.04,32.29423459244533,"foggy weather, express delivery",,Short (1-2h),Medium (3-5h)
3144.0,shadowfax,cosmetics,express,east,stormy,270.9,13.84,Medium (3-5h),bike,38.15,3,12,3749.26,15.4278,4,3749.256,103.73170731707316,"stormy weather, express delivery, long distance (271 km)",,Medium (3-5h),Medium (3-5h)
1156.0,shadowfax,fragile items,express,east,stormy,12.8,13.84,Medium (3-5h),truck,6.1,3,12,44.29,15.4278,4,177.15200000000002,11.156384505021522,"stormy weather, express delivery",,Medium (3-5h),Medium (3-5h)
15695.0,ecom express,clothing,express,east,stormy,197.1,28.19,Short (1-2h),truck,38.65,3,3,1389.06,16.3949,1,5556.249,39.59243548957228,"express delivery, long distance (197 km), heavy package (28.2 kg)",,Short (1-2h),Long (6+h)
22983.0,xpressbees,electronics,express,east,stormy,140.1,46.52,Medium (3-5h),ev bike,34.17,3,9,3258.73,16.7146,3,6517.452,19.091806091806088,"rainy weather, express delivery, long distance (140 km), heavy package (46.5 kg)",,Medium (3-5h),Long (6+h)
16920.0,fedex,fragile items,same day,east,stormy,215.9,2.14,Medium (3-5h),ev van,26.65,4,16,231.01,15.086,4,462.02600000000007,529.4285714285714,"stormy weather, same day delivery, long distance (216 km)",,Medium (3-5h),Medium (3-5h)
587.0,xpressbees,automobile parts,express,east,stormy,190.9,46.65,Medium (3-5h),ev bike,37.43,3,12,4452.74,16.7146,4,8905.485,24.480213903743316,"stormy weather, express delivery, long distance (191 km), heavy package (46.6 kg)",,Medium (3-5h),Long (6+h)
22151.0,dhl,cosmetics,same day,east,stormy,185.2,19.72,Short (1-2h),bike,22.86,4,12,3652.14,15.3714,3,3652.144,54.75075681130172,"rainy weather, same day delivery, long distance (185 km), heavy package (19.7 kg)",,Short (1-2h),Medium (3-5h)
10593.0,ekart,clothing,express,east,stormy,221.8,21.4,Short (1-2h),ev van,36.36,3,3,2373.26,16.5184,1,4746.5199999999995,56.89302325581396,"express delivery, long distance (222 km), heavy package (21.4 kg)",,Short (1-2h),Medium (3-5h)
9977.0,blue dart,automobile parts,express,east,stormy,71.1,21.14,Medium (3-5h),van,22.94,3,9,501.02,15.6608,3,1503.054,22.077212806026363,"rainy weather, express delivery, medium distance (71 km), heavy package (21.1 kg)",,Medium (3-5h),Medium (3-5h)
24240.0,dhl,groceries,express,east,stormy,297.1,29.37,Medium (3-5h),ev bike,41.85,3,3,4362.91,15.3714,1,8725.827000000001,55.402802850356295,"express delivery, long distance (297 km), heavy package (29.4 kg)",,Medium (3-5h),Medium (3-5h)
5014.0,ecom express,documents,express,east,stormy,257.9,21.5,Short (1-2h),ev bike,36.32,3,0,2772.42,16.3949,0,5544.849999999999,65.0,"express delivery, long distance (258 km), heavy package (21.5 kg)",,Short (1-2h),Medium (3-5h)
7445.0,xpressbees,pharmacy,express,east,stormy,193.6,18.88,Short (1-2h),ev van,37.96,3,3,1827.58,16.7146,1,3655.168,56.619599578503696,"express delivery, long distance (194 km), heavy package (18.9 kg)",,Short (1-2h),Short (1-2h)
20854.0,blue dart,electronics,same day,east,stormy,284.6,15.94,Medium (3-5h),truck,35.14,4,12,1134.13,15.6608,3,4536.524,97.93142144638404,"rainy weather, same day delivery, long distance (285 km), heavy package (15.9 kg)",,Medium (3-5h),Medium (3-5h)
20641.0,ecom express,clothing,express,east,stormy,162.1,36.44,Medium (3-5h),ev bike,31.78,3,12,2953.46,16.3949,4,5906.923999999999,26.541324575807337,"stormy weather, express delivery, long distance (162 km), heavy package (36.4 kg)",,Medium (3-5h),Medium (3-5h)
22029.0,xpressbees,automobile parts,express,east,stormy,244.2,46.79,Medium (3-5h),scooter,40.03,3,3,5713.06,16.7146,1,11426.118,30.09959479633184,"express delivery, long distance (244 km), heavy package (46.8 kg)",,Medium (3-5h),Medium (3-5h)
250.99,ecom express,pharmacy,express,east,stormy,226.0,37.62,Short (1-2h),bike,37.05,3,3,8502.12,16.3949,1,8502.119999999999,34.275185577942736,"express delivery, long distance (226 km), heavy package (37.6 kg)",,Short (1-2h),Long (6+h)
5988.0,fedex,groceries,same day,east,stormy,175.4,11.06,Medium (3-5h),ev van,21.65,4,16,969.96,15.086,4,1939.924,90.5179211469534,"stormy weather, same day delivery, long distance (175 km)",,Medium (3-5h),Medium (3-5h)
250.99,xpressbees,cosmetics,express,east,stormy,19.0,3.36,Medium (3-5h),bike,9.05,3,12,63.84,16.7146,4,63.84,44.82080924855491,"stormy weather, express delivery",,Medium (3-5h),Long (6+h)
21969.0,dhl,fragile items,same day,east,stormy,269.5,30.87,Medium (3-5h),ev bike,33.27,4,8,4159.73,15.3714,2,8319.465,49.72909267032612,"foggy weather, same day delivery, long distance (270 km), heavy package (30.9 kg)",,Medium (3-5h),Medium (3-5h)
18294.0,ekart,fragile items,express,east,stormy,115.2,44.03,Medium (3-5h),ev bike,28.1,3,9,2536.13,16.5184,3,5072.256,17.178563335599364,"rainy weather, express delivery, long distance (115 km), heavy package (44.0 kg)",,Medium (3-5h),Medium (3-5h)
4047.0,fedex,furniture,express,east,stormy,155.8,3.43,Short (1-2h),van,30.55,3,6,178.13,15.086,2,534.3940000000001,237.75920679886684,"foggy weather, express delivery, long distance (156 km)",,Short (1-2h),Medium (3-5h)
13688.0,dhl,fragile items,express,east,stormy,21.7,47.78,Short (1-2h),ev bike,10.33,3,6,518.41,15.3714,2,1036.826,6.304093567251461,"foggy weather, express delivery, heavy package (47.8 kg)",,Short (1-2h),Long (6+h)
17516.0,blue dart,automobile parts,same day,east,stormy,212.3,30.5,Short (1-2h),truck,26.21,4,12,1618.79,15.6608,3,6475.150000000001,40.947712418300654,"rainy weather, same day delivery, long distance (212 km), heavy package (30.5 kg)",,Short (1-2h),Medium (3-5h)
21521.0,shadowfax,groceries,same day,east,stormy,205.0,38.24,Medium (3-5h),ev bike,25.31,4,16,3919.6,15.4278,4,7839.200000000001,32.334898278560246,"stormy weather, same day delivery, long distance (205 km), heavy package (38.2 kg)",,Medium (3-5h),Medium (3-5h)
11086.0,shadowfax,pharmacy,same day,east,stormy,231.3,44.01,Short (1-2h),ev bike,28.56,4,8,5089.76,15.4278,2,10179.513,31.478802992518705,"foggy weather, same day delivery, long distance (231 km), heavy package (44.0 kg)",,Short (1-2h),Long (6+h)
5629.0,dhl,documents,express,east,stormy,240.7,37.59,Short (1-2h),ev bike,39.46,3,0,4523.96,15.3714,0,9047.913,36.250198991775,"express delivery, long distance (241 km), heavy package (37.6 kg)",,Short (1-2h),Medium (3-5h)
23123.0,amazon logistics,electronics,same day,east,stormy,170.5,22.77,Short (1-2h),ev bike,21.05,4,12,1941.14,15.0932,3,3882.285,44.635330126803666,"rainy weather, same day delivery, long distance (170 km), heavy package (22.8 kg)",,Short (1-2h),Short (1-2h)
2583.0,ekart,pharmacy,express,east,stormy,209.0,25.67,Short (1-2h),bike,34.26,3,3,5365.03,16.5184,1,5365.030000000001,45.479627473806744,"express delivery, long distance (209 km), heavy package (25.7 kg)",,Short (1-2h),Long (6+h)
21938.0,shadowfax,cosmetics,same day,east,stormy,226.4,30.04,Short (1-2h),van,27.95,4,12,2267.02,15.4278,3,6801.056,43.86595885865958,"rainy weather, same day delivery, long distance (226 km), heavy package (30.0 kg)",,Short (1-2h),Medium (3-5h)
18652.0,fedex,clothing,same day,east,stormy,147.9,7.37,Short (1-2h),ev van,18.26,4,12,545.01,15.086,3,1090.023,115.34270414993308,"rainy weather, same day delivery, long distance (148 km)",,Short (1-2h),Medium (3-5h)
14927.0,shadowfax,cosmetics,express,east,stormy,270.8,48.47,Short (1-2h),bike,38.14,3,0,13125.68,15.4278,0,13125.676,31.900555898702905,"express delivery, long distance (271 km), heavy package (48.5 kg)",,Short (1-2h),Short (1-2h)
1637.0,blue dart,groceries,express,east,stormy,249.9,19.61,Short (1-2h),ev van,35.2,3,3,2450.27,15.6608,1,4900.539,68.91577879249111,"express delivery, long distance (250 km), heavy package (19.6 kg)",,Short (1-2h),Medium (3-5h)
15926.0,xpressbees,cosmetics,express,east,stormy,285.0,11.83,Short (1-2h),van,40.14,3,3,1123.85,16.7146,1,3371.55,126.6127409891031,"express delivery, long distance (285 km)",,Short (1-2h),Medium (3-5h)
23079.0,shadowfax,automobile parts,express,east,stormy,283.8,3.48,Long (6+h),ev bike,39.97,3,9,493.81,15.4278,3,987.624,413.2513966480447,"rainy weather, express delivery, long distance (284 km)",,Long (6+h),Medium (3-5h)
15994.0,blue dart,automobile parts,same day,east,stormy,225.4,41.63,Short (1-2h),van,27.83,4,8,3127.8,15.6608,2,9383.402,32.3961179007908,"foggy weather, same day delivery, long distance (225 km), heavy package (41.6 kg)",,Short (1-2h),Medium (3-5h)
9137.0,shadowfax,cosmetics,express,east,stormy,182.5,47.69,Medium (3-5h),ev van,35.78,3,6,4351.71,15.4278,2,8703.425,23.133919229964427,"foggy weather, express delivery, long distance (182 km), heavy package (47.7 kg)",,Medium (3-5h),Medium (3-5h)
5724.0,fedex,furniture,express,east,stormy,141.6,19.27,Medium (3-5h),scooter,34.54,3,9,1364.32,15.086,3,2728.6319999999996,42.117191533298914,"rainy weather, express delivery, long distance (142 km), heavy package (19.3 kg)",,Medium (3-5h),Medium (3-5h)
8930.0,blue dart,pharmacy,same day,east,stormy,221.7,14.01,Short (1-2h),truck,27.37,4,12,776.5,15.6608,3,3106.017,88.62721474131821,"rainy weather, same day delivery, long distance (222 km)",,Short (1-2h),Medium (3-5h)
3190.0,amazon logistics,electronics,express,east,stormy,162.3,36.7,Medium (3-5h),van,31.82,3,12,1985.47,15.0932,4,5956.410000000001,26.402173913043477,"stormy weather, express delivery, long distance (162 km), heavy package (36.7 kg)",,Medium (3-5h),Medium (3-5h)
3642.0,ecom express,pharmacy,express,east,stormy,239.4,40.75,Medium (3-5h),scooter,39.25,3,6,4877.78,16.3949,2,9755.55,33.51897184822521,"foggy weather, express delivery, long distance (239 km), heavy package (40.8 kg)",,Medium (3-5h),Medium (3-5h)
17461.0,delhivery,groceries,express,east,stormy,274.7,19.59,Short (1-2h),truck,38.69,3,6,1345.34,14.5973,2,5381.373,75.28034535297104,"foggy weather, express delivery, long distance (275 km), heavy package (19.6 kg)",,Short (1-2h),Medium (3-5h)
15759.0,fedex,fragile items,same day,east,stormy,241.0,21.17,Short (1-2h),ev van,29.75,4,8,2550.98,15.086,2,5101.97,64.33991537376586,"foggy weather, same day delivery, long distance (241 km), heavy package (21.2 kg)",,Short (1-2h),Long (6+h)
20265.0,fedex,documents,express,east,stormy,261.1,4.58,Medium (3-5h),ev bike,36.77,3,9,597.92,15.086,3,1195.8380000000002,292.5726495726496,"rainy weather, express delivery, long distance (261 km)",,Medium (3-5h),Long (6+h)
9479.0,ekart,electronics,express,east,stormy,180.5,48.61,Medium (3-5h),scooter,35.39,3,6,4387.05,16.5184,2,8774.105,22.548347361938,"foggy weather, express delivery, long distance (180 km), heavy package (48.6 kg)",,Medium (3-5h),Short (1-2h)
14214.0,shadowfax,automobile parts,same day,east,stormy,223.6,38.07,Short (1-2h),scooter,27.6,4,8,4256.23,15.4278,2,8512.452,34.90201729106628,"foggy weather, same day delivery, long distance (224 km), heavy package (38.1 kg)",,Short (1-2h),Long (6+h)
2905.0,shadowfax,automobile parts,express,east,stormy,156.4,38.3,Short (1-2h),scooter,30.67,3,3,2995.06,15.4278,1,5990.12,24.658854166666668,"express delivery, long distance (156 km), heavy package (38.3 kg)",,Short (1-2h),Medium (3-5h)
8511.0,xpressbees,documents,express,east,stormy,226.4,38.97,Short (1-2h),ev van,37.11,3,0,4411.4,16.7146,0,8822.807999999999,33.24571282313796,"express delivery, long distance (226 km), heavy package (39.0 kg)",,Short (1-2h),Medium (3-5h)
17054.0,amazon logistics,cosmetics,express,east,stormy,177.4,43.19,Short (1-2h),scooter,34.78,3,0,3830.95,15.0932,0,7661.906,24.637791637791636,"express delivery, long distance (177 km), heavy package (43.2 kg)",,Short (1-2h),Medium (3-5h)
11674.0,amazon logistics,documents,express,east,stormy,166.3,32.22,Short (1-2h),truck,32.61,3,6,1339.55,15.0932,2,5358.186000000001,30.264851485148515,"foggy weather, express delivery, long distance (166 km), heavy package (32.2 kg)",,Short (1-2h),Medium (3-5h)
17242.0,ecom express,electronics,express,east,stormy,270.0,45.16,Short (1-2h),bike,38.03,3,3,12193.2,16.3949,1,12193.2,33.92576226248343,"express delivery, long distance (270 km), heavy package (45.2 kg)",,Short (1-2h),Short (1-2h)
16201.0,amazon logistics,clothing,express,east,stormy,173.8,43.03,Medium (3-5h),truck,34.08,3,12,1869.65,15.0932,4,7478.614,24.300718757245537,"stormy weather, express delivery, long distance (174 km), heavy package (43.0 kg)",,Medium (3-5h),Medium (3-5h)
8450.0,blue dart,fragile items,express,east,stormy,232.1,16.74,Short (1-2h),truck,38.05,3,3,971.34,15.6608,1,3885.3539999999994,74.8646080760095,"express delivery, long distance (232 km), heavy package (16.7 kg)",,Short (1-2h),Medium (3-5h)
10507.0,delhivery,clothing,express,east,stormy,107.8,9.73,Short (1-2h),van,26.29,3,6,349.63,14.5973,2,1048.894,62.888097660223806,"foggy weather, express delivery, long distance (108 km)",,Short (1-2h),Medium (3-5h)
16922.0,ecom express,furniture,express,east,stormy,124.5,38.96,Medium (3-5h),ev van,30.37,3,9,2425.26,16.3949,3,4850.52,20.209421402969788,"rainy weather, express delivery, long distance (124 km), heavy package (39.0 kg)",,Medium (3-5h),Long (6+h)
18831.0,amazon logistics,cosmetics,express,east,stormy,254.3,12.81,Short (1-2h),truck,35.82,3,3,814.4,15.0932,1,3257.583,105.3392718822618,"express delivery, long distance (254 km)",,Short (1-2h),Medium (3-5h)
21953.0,xpressbees,pharmacy,same day,east,stormy,126.3,26.86,Medium (3-5h),van,15.59,4,16,1130.81,16.7146,4,3392.4179999999997,30.12166172106825,"stormy weather, same day delivery, long distance (126 km), heavy package (26.9 kg)",,Medium (3-5h),Medium (3-5h)
7636.0,ekart,pharmacy,express,east,stormy,222.7,24.02,Short (1-2h),ev bike,36.51,3,3,2674.63,16.5184,1,5349.254,51.22553897180762,"express delivery, long distance (223 km), heavy package (24.0 kg)",,Short (1-2h),Long (6+h)
16258.0,shadowfax,cosmetics,express,east,stormy,287.8,48.56,Short (1-2h),bike,40.54,3,3,13975.57,15.4278,1,13975.568,33.55364981504316,"express delivery, long distance (288 km), heavy package (48.6 kg)",,Short (1-2h),Long (6+h)
1693.0,shadowfax,pharmacy,express,east,stormy,278.3,27.47,Short (1-2h),scooter,39.2,3,3,3822.45,15.4278,1,7644.901,55.274211099020675,"express delivery, long distance (278 km), heavy package (27.5 kg)",,Short (1-2h),Medium (3-5h)
2479.0,delhivery,electronics,same day,east,stormy,143.4,6.82,Short (1-2h),scooter,17.7,4,12,488.99,14.5973,3,977.988,121.02023121387283,"rainy weather, same day delivery, long distance (143 km)",,Short (1-2h),Long (6+h)
18294.0,ekart,fragile items,express,east,stormy,115.2,44.03,Medium (3-5h),ev bike,28.1,3,9,2536.13,16.5184,3,5072.256,17.178563335599364,"rainy weather, express delivery, long distance (115 km), heavy package (44.0 kg)",,Medium (3-5h),Medium (3-5h)
18898.0,ekart,groceries,express,east,stormy,278.0,45.06,Medium (3-5h),truck,39.15,3,12,3131.67,16.5184,4,12526.68,34.87998228520815,"stormy weather, express delivery, long distance (278 km), heavy package (45.1 kg)",,Medium (3-5h),Long (6+h)
16082.0,blue dart,electronics,express,east,stormy,273.7,2.24,Medium (3-5h),van,38.55,3,6,204.36,15.6608,2,613.0880000000001,609.068376068376,"foggy weather, express delivery, long distance (274 km)",,Medium (3-5h),Medium (3-5h)
23599.0,fedex,clothing,express,east,stormy,169.4,36.78,Short (1-2h),bike,33.22,3,6,6230.53,15.086,2,6230.532,27.313991323210413,"foggy weather, express delivery, long distance (169 km), heavy package (36.8 kg)",,Short (1-2h),Long (6+h)
480.0,delhivery,cosmetics,same day,east,stormy,297.1,26.02,Medium (3-5h),ev van,36.68,4,8,3865.27,14.5973,2,7730.542,62.50844563552833,"foggy weather, same day delivery, long distance (297 km), heavy package (26.0 kg)",,Medium (3-5h),Medium (3-5h)
17899.0,dhl,pharmacy,express,east,stormy,41.8,23.8,Short (1-2h),ev bike,19.9,3,6,497.42,15.3714,2,994.84,13.824267782426777,"foggy weather, express delivery, heavy package (23.8 kg)",,Short (1-2h),Medium (3-5h)
8419.0,xpressbees,pharmacy,express,east,stormy,215.0,21.4,Long (6+h),truck,35.25,3,12,1150.25,16.7146,4,4601.0,55.311627906976746,"stormy weather, express delivery, long distance (215 km), heavy package (21.4 kg)",,Long (6+h),Medium (3-5h)
11187.0,shadowfax,automobile parts,same day,east,stormy,161.8,18.21,Medium (3-5h),ev bike,19.98,4,16,1473.19,15.4278,4,2946.378,52.62861824139814,"stormy weather, same day delivery, long distance (162 km), heavy package (18.2 kg)",,Medium (3-5h),Medium (3-5h)
24248.0,ecom express,pharmacy,same day,east,stormy,195.1,16.01,Short (1-2h),ev bike,24.09,4,8,1561.78,16.3949,2,3123.5510000000004,69.7411545623836,"foggy weather, same day delivery, long distance (195 km), heavy package (16.0 kg)",,Short (1-2h),Medium (3-5h)
2593.0,fedex,documents,express,east,stormy,92.7,48.95,Long (6+h),bike,29.9,3,12,4537.66,15.086,4,4537.665,13.462793068297657,"stormy weather, express delivery, medium distance (93 km), heavy package (49.0 kg)",,Long (6+h),Medium (3-5h)
12196.0,fedex,documents,same day,east,stormy,199.4,23.35,Short (1-2h),ev van,24.62,4,12,2328.0,15.086,3,4655.990000000001,49.76759061833688,"rainy weather, same day delivery, long distance (199 km), heavy package (23.4 kg)",,Short (1-2h),Short (1-2h)
18871.0,blue dart,clothing,same day,east,stormy,218.1,48.85,Short (1-2h),ev van,26.93,4,8,5327.09,15.6608,2,10654.185,27.31460674157303,"foggy weather, same day delivery, long distance (218 km), heavy package (48.9 kg)",,Short (1-2h),Medium (3-5h)
8313.0,dhl,electronics,same day,east,stormy,287.6,7.66,Medium (3-5h),van,35.51,4,8,734.34,15.3714,2,2203.016,201.15721649484536,"foggy weather, same day delivery, long distance (288 km)",,Medium (3-5h),Medium (3-5h)
24750.01,xpressbees,documents,same day,east,stormy,285.9,3.0,Short (1-2h),bike,35.3,4,0,857.7,16.7146,0,857.6999999999999,496.2903225806451,"same day delivery, long distance (286 km)",,Short (1-2h),Long (6+h)
9154.0,amazon logistics,electronics,express,east,stormy,239.0,13.57,Long (6+h),ev van,39.18,3,12,1621.62,15.0932,4,3243.23,94.05340160936358,"stormy weather, express delivery, long distance (239 km)",,Long (6+h),Medium (3-5h)
2599.0,ecom express,documents,express,east,stormy,178.4,9.9,Medium (3-5h),scooter,34.98,3,6,883.08,16.3949,2,1766.16,97.17,"foggy weather, express delivery, long distance (178 km)",,Medium (3-5h),Medium (3-5h)
939.0,fedex,cosmetics,same day,east,stormy,292.0,33.35,Short (1-2h),bike,36.05,4,4,9738.2,15.086,1,9738.2,48.81078026905829,"same day delivery, long distance (292 km), heavy package (33.4 kg)",,Short (1-2h),Medium (3-5h)
3794.0,shadowfax,pharmacy,same day,east,stormy,249.6,3.38,Short (1-2h),ev bike,30.81,4,8,421.82,15.4278,2,843.6479999999999,390.2701149425288,"foggy weather, same day delivery, long distance (250 km)",,Short (1-2h),Medium (3-5h)
814.0,ekart,cosmetics,express,east,stormy,280.2,22.03,Medium (3-5h),ev bike,39.46,3,3,3086.4,16.5184,1,6172.8060000000005,68.553547220967,"express delivery, long distance (280 km), heavy package (22.0 kg)",,Medium (3-5h),Medium (3-5h)
8524.0,amazon logistics,cosmetics,express,east,stormy,223.2,15.24,Short (1-2h),ev bike,36.59,3,3,1700.78,15.0932,1,3401.568,78.99087353324641,"express delivery, long distance (223 km), heavy package (15.2 kg)",,Short (1-2h),Long (6+h)
19384.0,blue dart,clothing,express,east,stormy,96.6,30.4,Short (1-2h),ev van,31.16,3,6,1468.32,15.6608,2,2936.64,20.465573770491805,"foggy weather, express delivery, medium distance (97 km), heavy package (30.4 kg)",,Short (1-2h),Medium (3-5h)
1156.0,shadowfax,fragile items,express,east,stormy,12.8,13.84,Medium (3-5h),truck,6.1,3,12,44.29,15.4278,4,177.15200000000002,11.156384505021522,"stormy weather, express delivery",,Medium (3-5h),Long (6+h)
19808.0,fedex,pharmacy,same day,east,stormy,272.2,31.33,Medium (3-5h),van,33.6,4,8,2842.68,15.086,2,8528.026,49.474705695195674,"foggy weather, same day delivery, long distance (272 km), heavy package (31.3 kg)",,Medium (3-5h),Medium (3-5h)
22391.0,blue dart,pharmacy,express,east,stormy,164.8,23.65,Short (1-2h),scooter,32.31,3,3,1948.76,15.6608,1,3897.52,39.78736842105263,"express delivery, long distance (165 km), heavy package (23.6 kg)",,Short (1-2h),Medium (3-5h)
5559.0,fedex,furniture,express,east,stormy,240.5,17.23,Long (6+h),ev van,39.43,3,12,2071.91,15.086,4,4143.8150000000005,75.25620311598384,"stormy weather, express delivery, long distance (240 km), heavy package (17.2 kg)",,Long (6+h),Long (6+h)
9650.0,dhl,documents,express,east,stormy,163.4,32.05,Medium (3-5h),truck,32.04,3,9,1309.24,15.3714,3,5236.969999999999,29.95800933125972,"rainy weather, express delivery, long distance (163 km), heavy package (32.0 kg)",,Medium (3-5h),Long (6+h)
2058.0,xpressbees,pharmacy,express,east,stormy,66.9,11.23,Short (1-2h),scooter,21.58,3,6,375.64,16.7146,2,751.2870000000001,36.909973521624,"foggy weather, express delivery, medium distance (67 km)",,Short (1-2h),Medium (3-5h)
1802.0,fedex,documents,express,east,stormy,214.3,49.52,Medium (3-5h),truck,35.13,3,12,2653.03,15.086,4,10612.136,25.617492946392584,"stormy weather, express delivery, long distance (214 km), heavy package (49.5 kg)",,Medium (3-5h),Medium (3-5h)
10552.0,xpressbees,documents,express,east,stormy,274.0,13.64,Medium (3-5h),truck,38.59,3,6,934.34,16.7146,2,3737.36,106.32605531295488,"foggy weather, express delivery, long distance (274 km)",,Medium (3-5h),Long (6+h)
4911.0,ecom express,electronics,express,east,stormy,82.1,17.86,Medium (3-5h),van,26.48,3,9,488.77,16.3949,3,1466.3059999999998,28.62360801781737,"rainy weather, express delivery, medium distance (82 km), heavy package (17.9 kg)",,Medium (3-5h),Medium (3-5h)
17242.0,ecom express,electronics,express,east,stormy,270.0,45.16,Short (1-2h),bike,38.03,3,3,12193.2,16.3949,1,12193.2,33.92576226248343,"express delivery, long distance (270 km), heavy package (45.2 kg)",,Short (1-2h),Medium (3-5h)
1227.0,delhivery,automobile parts,express,east,stormy,7.8,15.43,Medium (3-5h),van,3.71,3,12,40.12,14.5973,4,120.354,8.71152607855763,"stormy weather, express delivery, heavy package (15.4 kg)",,Medium (3-5h),Medium (3-5h)
9650.0,dhl,documents,express,east,stormy,163.4,32.05,Medium (3-5h),truck,32.04,3,9,1309.24,15.3714,3,5236.969999999999,29.95800933125972,"rainy weather, express delivery, long distance (163 km), heavy package (32.0 kg)",,Medium (3-5h),Short (1-2h)
20908.0,blue dart,fragile items,express,east,stormy,77.9,18.06,Medium (3-5h),ev van,25.13,3,12,703.44,15.6608,4,1406.874,27.185022026431717,"stormy weather, express delivery, medium distance (78 km), heavy package (18.1 kg)",,Medium (3-5h),Medium (3-5h)
3476.0,blue dart,pharmacy,express,east,stormy,121.5,22.63,Short (1-2h),ev bike,29.63,3,3,1374.77,15.6608,1,2749.545,31.913330400351956,"express delivery, long distance (122 km), heavy package (22.6 kg)",,Short (1-2h),Long (6+h)
250.99,fedex,clothing,same day,east,stormy,187.7,6.69,Medium (3-5h),bike,23.17,4,16,1255.71,15.086,4,1255.713,155.90132547864505,"stormy weather, same day delivery, long distance (188 km)",,Medium (3-5h),Medium (3-5h)
12672.0,dhl,cosmetics,same day,east,stormy,145.6,4.72,Short (1-2h),van,17.98,4,12,229.08,15.3714,3,687.232,174.72199170124483,"rainy weather, same day delivery, long distance (146 km)",,Short (1-2h),Medium (3-5h)
4141.0,xpressbees,electronics,express,east,stormy,51.3,17.84,Medium (3-5h),bike,16.55,3,9,915.19,16.7146,3,915.192,20.068004459308806,"rainy weather, express delivery, medium distance (51 km), heavy package (17.8 kg)",,Medium (3-5h),Short (1-2h)
7186.0,amazon logistics,clothing,express,east,stormy,152.1,3.87,Short (1-2h),ev bike,29.82,3,6,294.31,15.0932,2,588.627,207.08060453400503,"foggy weather, express delivery, long distance (152 km)",,Short (1-2h),Medium (3-5h)
21890.0,ecom express,clothing,same day,east,stormy,129.1,40.95,Short (1-2h),ev van,15.94,4,12,2643.32,16.3949,3,5286.645,21.153471376370277,"rainy weather, same day delivery, long distance (129 km), heavy package (41.0 kg)",,Short (1-2h),Medium (3-5h)
14398.0,xpressbees,electronics,same day,east,stormy,232.9,4.94,Medium (3-5h),van,28.75,4,16,383.51,16.7146,4,1150.526,253.83333333333331,"stormy weather, same day delivery, long distance (233 km)",,Medium (3-5h),Short (1-2h)
23274.0,xpressbees,electronics,express,east,stormy,259.8,45.29,Medium (3-5h),ev bike,36.59,3,9,5883.17,16.7146,3,11766.342,32.713593302489535,"rainy weather, express delivery, long distance (260 km), heavy package (45.3 kg)",,Medium (3-5h),Medium (3-5h)
19942.0,xpressbees,electronics,express,east,stormy,217.2,21.35,Short (1-2h),ev van,35.61,3,3,2318.61,16.7146,1,4637.22,55.94638694638694,"express delivery, long distance (217 km), heavy package (21.4 kg)",,Short (1-2h),Long (6+h)
12927.0,xpressbees,pharmacy,express,east,stormy,69.6,32.53,Medium (3-5h),scooter,22.45,3,12,1132.04,16.7146,4,2264.0879999999997,15.188170395341707,"stormy weather, express delivery, medium distance (70 km), heavy package (32.5 kg)",,Medium (3-5h),Medium (3-5h)
22195.0,xpressbees,documents,express,east,stormy,132.5,18.72,Short (1-2h),bike,32.32,3,3,2480.4,16.7146,1,2480.3999999999996,40.84272051009564,"express delivery, long distance (132 km), heavy package (18.7 kg)",,Short (1-2h),Medium (3-5h)
7951.0,shadowfax,fragile items,express,east,stormy,88.3,1.94,Short (1-2h),bike,28.48,3,6,171.3,15.4278,2,171.302,243.7843137254902,"foggy weather, express delivery, medium distance (88 km)",,Short (1-2h),Long (6+h)
17384.0,ekart,cosmetics,same day,east,stormy,223.0,17.11,Medium (3-5h),van,27.53,4,16,1271.84,16.5184,4,3815.53,73.58105752469494,"stormy weather, same day delivery, long distance (223 km), heavy package (17.1 kg)",,Medium (3-5h),Medium (3-5h)
19723.0,shadowfax,electronics,same day,east,stormy,111.8,14.44,Short (1-2h),van,13.8,4,16,538.13,15.4278,4,1614.3919999999998,48.30261348005503,"stormy weather, same day delivery, long distance (112 km)",,Short (1-2h),Medium (3-5h)
3255.0,ekart,electronics,express,east,stormy,90.2,21.76,Short (1-2h),van,29.1,3,3,654.25,16.5184,1,1962.752,25.904849039341254,"express delivery, medium distance (90 km), heavy package (21.8 kg)",,Short (1-2h),Long (6+h)
16000.0,ecom express,documents,express,east,stormy,255.2,37.24,Medium (3-5h),ev van,35.94,3,6,4751.82,16.3949,2,9503.648,38.503481521156935,"foggy weather, express delivery, long distance (255 km), heavy package (37.2 kg)",,Medium (3-5h),Medium (3-5h)
5899.0,shadowfax,groceries,express,east,stormy,203.6,4.9,Short (1-2h),ev bike,33.38,3,0,498.82,15.4278,0,997.64,216.54,"express delivery, long distance (204 km)",,Short (1-2h),Long (6+h)
3465.0,dhl,groceries,express,east,stormy,210.7,44.97,Medium (3-5h),bike,34.54,3,12,9475.18,15.3714,4,9475.179,27.477479476370092,"stormy weather, express delivery, long distance (211 km), heavy package (45.0 kg)",,Medium (3-5h),Medium (3-5h)
2312.0,delhivery,clothing,express,east,stormy,162.3,25.89,Medium (3-5h),truck,31.82,3,9,1050.49,14.5973,3,4201.947,36.13582146979607,"rainy weather, express delivery, long distance (162 km), heavy package (25.9 kg)",,Medium (3-5h),Long (6+h)
20557.0,dhl,electronics,express,east,stormy,279.4,49.28,Short (1-2h),ev van,39.35,3,3,6884.42,15.3714,1,13768.832,32.29728635074929,"express delivery, long distance (279 km), heavy package (49.3 kg)",,Short (1-2h),Short (1-2h)
9084.0,delhivery,fragile items,express,east,stormy,290.2,33.43,Long (6+h),scooter,40.87,3,9,4850.69,14.5973,3,9701.386,47.75693408887563,"rainy weather, express delivery, long distance (290 km), heavy package (33.4 kg)",,Long (6+h),Medium (3-5h)
23974.0,delhivery,fragile items,same day,east,stormy,96.8,13.58,Medium (3-5h),van,11.95,4,16,438.18,14.5973,4,1314.544,45.668128654970765,"stormy weather, same day delivery, medium distance (97 km)",,Medium (3-5h),Medium (3-5h)
22436.0,dhl,automobile parts,same day,east,stormy,119.1,39.88,Medium (3-5h),truck,14.7,4,16,1187.43,15.3714,4,4749.708,20.388694347173583,"stormy weather, same day delivery, long distance (119 km), heavy package (39.9 kg)",,Medium (3-5h),Long (6+h)
15092.0,ekart,pharmacy,express,east,stormy,178.2,5.76,Medium (3-5h),ev bike,34.94,3,12,513.22,16.5184,4,1026.4319999999998,163.52901023890786,"stormy weather, express delivery, long distance (178 km)",,Medium (3-5h),Medium (3-5h)
20170.0,shadowfax,electronics,express,east,stormy,236.6,12.62,Long (6+h),bike,38.79,3,9,2985.89,15.4278,3,2985.892,99.91037735849056,"rainy weather, express delivery, long distance (237 km)",,Long (6+h),Medium (3-5h)
7033.0,ecom express,cosmetics,same day,east,stormy,152.3,17.86,Medium (3-5h),van,18.8,4,16,906.69,16.3949,4,2720.078,50.95100222717149,"stormy weather, same day delivery, long distance (152 km), heavy package (17.9 kg)",,Medium (3-5h),Medium (3-5h)
21973.0,ekart,cosmetics,express,east,stormy,291.4,45.89,Long (6+h),ev van,41.04,3,9,6686.17,16.5184,3,13372.346,35.50164383561644,"rainy weather, express delivery, long distance (291 km), heavy package (45.9 kg)",,Long (6+h),Long (6+h)
13161.0,dhl,cosmetics,same day,east,stormy,127.3,16.27,Short (1-2h),ev van,15.72,4,16,1035.59,15.3714,4,2071.171,47.9725106902871,"stormy weather, same day delivery, long distance (127 km), heavy package (16.3 kg)",,Short (1-2h),Medium (3-5h)
20598.0,shadowfax,clothing,express,east,stormy,93.3,14.72,Medium (3-5h),ev van,30.1,3,12,686.69,15.4278,4,1373.376,37.831309041835354,"stormy weather, express delivery, medium distance (93 km)",,Medium (3-5h),Medium (3-5h)
10764.0,xpressbees,documents,express,east,stormy,225.8,10.55,Short (1-2h),ev van,37.02,3,0,1191.1,16.7146,0,2382.19,113.67605633802818,"express delivery, long distance (226 km)",,Short (1-2h),Long (6+h)
14988.0,delhivery,clothing,same day,east,stormy,199.3,47.4,Short (1-2h),bike,24.6,4,16,9446.82,14.5973,4,9446.82,26.077894736842108,"stormy weather, same day delivery, long distance (199 km), heavy package (47.4 kg)",,Short (1-2h),Short (1-2h)
11201.0,ecom express,electronics,same day,east,stormy,222.3,36.76,Medium (3-5h),scooter,27.44,4,16,4085.87,16.3949,4,8171.748,35.85946825827455,"stormy weather, same day delivery, long distance (222 km), heavy package (36.8 kg)",,Medium (3-5h),Long (6+h)
11898.0,dhl,groceries,express,east,stormy,254.3,4.53,Short (1-2h),ev van,35.82,3,3,575.99,15.3714,1,1151.979,288.35637149028076,"express delivery, long distance (254 km)",,Short (1-2h),Medium (3-5h)
16691.0,blue dart,documents,same day,east,stormy,205.4,42.95,Medium (3-5h),bike,25.36,4,16,8821.93,15.6608,4,8821.93,29.1718931475029,"stormy weather, same day delivery, long distance (205 km), heavy package (43.0 kg)",,Medium (3-5h),Medium (3-5h)
7637.0,blue dart,electronics,express,east,stormy,134.2,45.04,Short (1-2h),ev bike,32.73,3,3,3022.18,15.6608,1,6044.3679999999995,18.96588391670359,"express delivery, long distance (134 km), heavy package (45.0 kg)",,Short (1-2h),Medium (3-5h)
18886.0,xpressbees,groceries,express,east,stormy,173.8,37.13,Short (1-2h),bike,34.08,3,3,6453.19,16.7146,1,6453.194,27.676336287939833,"express delivery, long distance (174 km), heavy package (37.1 kg)",,Short (1-2h),Long (6+h)
15569.0,ekart,groceries,express,east,stormy,285.1,36.46,Medium (3-5h),truck,40.15,3,0,2598.69,16.5184,0,10394.746,43.350109409190374,"express delivery, long distance (285 km), heavy package (36.5 kg)",,Medium (3-5h),Medium (3-5h)
14191.0,delhivery,automobile parts,same day,east,stormy,156.9,7.73,Short (1-2h),van,19.37,4,12,404.28,14.5973,3,1212.8370000000002,115.92464878671775,"rainy weather, same day delivery, long distance (157 km)",,Short (1-2h),Long (6+h)
2517.0,xpressbees,fragile items,express,east,stormy,173.0,40.83,Short (1-2h),ev van,33.92,3,6,3531.8,16.7146,2,7063.59,25.34791106767652,"foggy weather, express delivery, long distance (173 km), heavy package (40.8 kg)",,Short (1-2h),Short (1-2h)
13533.0,delhivery,electronics,same day,east,stormy,293.7,41.14,Long (6+h),truck,36.26,4,16,3020.7,14.5973,4,12082.818,39.59070320077595,"stormy weather, same day delivery, long distance (294 km), heavy package (41.1 kg)",,Long (6+h),Medium (3-5h)
654.0,amazon logistics,fragile items,same day,east,stormy,187.3,39.79,Short (1-2h),scooter,23.12,4,12,3726.33,15.0932,3,7452.667,28.976435196791172,"rainy weather, same day delivery, long distance (187 km), heavy package (39.8 kg)",,Short (1-2h),Long (6+h)
17642.0,dhl,fragile items,express,east,stormy,212.3,28.97,Long (6+h),truck,34.8,3,12,1537.58,15.3714,4,6150.331,41.2249742002064,"stormy weather, express delivery, long distance (212 km), heavy package (29.0 kg)",,Long (6+h),Long (6+h)
8424.0,dhl,furniture,same day,east,stormy,215.9,8.22,Short (1-2h),ev bike,26.65,4,12,887.35,15.3714,3,1774.698,144.73076923076923,"rainy weather, same day delivery, long distance (216 km)",,Short (1-2h),Long (6+h)
3350.0,amazon logistics,documents,express,east,stormy,249.7,21.11,Short (1-2h),ev bike,40.93,3,3,2635.58,15.0932,1,5271.1669999999995,64.2069778406412,"express delivery, long distance (250 km), heavy package (21.1 kg)",,Short (1-2h),Medium (3-5h)
14414.0,fedex,cosmetics,express,east,stormy,142.3,2.01,Short (1-2h),scooter,34.71,3,3,143.01,15.086,1,286.02299999999997,363.7582938388626,"express delivery, long distance (142 km)",,Short (1-2h),Medium (3-5h)
23376.0,ekart,pharmacy,same day,east,stormy,269.6,23.08,Medium (3-5h),truck,33.28,4,8,1555.59,16.5184,2,6222.368,65.45470232959448,"foggy weather, same day delivery, long distance (270 km), heavy package (23.1 kg)",,Medium (3-5h),Medium (3-5h)
250.99,amazon logistics,groceries,express,east,stormy,256.4,33.53,Medium (3-5h),bike,36.11,3,9,8597.09,15.0932,3,8597.091999999999,42.59857270294379,"rainy weather, express delivery, long distance (256 km), heavy package (33.5 kg)",,Medium (3-5h),Long (6+h)
21271.0,dhl,documents,same day,east,stormy,192.0,18.1,Short (1-2h),ev van,23.7,4,8,1737.6,15.3714,2,3475.2000000000003,61.22527472527472,"foggy weather, same day delivery, long distance (192 km), heavy package (18.1 kg)",,Short (1-2h),Medium (3-5h)
19324.0,xpressbees,pharmacy,same day,east,stormy,285.4,4.5,Medium (3-5h),truck,35.23,4,16,321.08,16.7146,4,1284.3,334.8913043478261,"stormy weather, same day delivery, long distance (285 km)",,Medium (3-5h),Medium (3-5h)
3818.0,amazon logistics,groceries,express,east,stormy,117.3,4.66,Medium (3-5h),ev van,28.61,3,12,273.31,15.0932,4,546.618,136.65546218487395,"stormy weather, express delivery, long distance (117 km)",,Medium (3-5h),Long (6+h)
20834.0,fedex,automobile parts,same day,east,stormy,245.7,0.92,Short (1-2h),bike,30.33,4,8,226.04,15.086,2,226.044,1305.156862745098,"foggy weather, same day delivery, long distance (246 km)",,Short (1-2h),Medium (3-5h)
17888.0,xpressbees,fragile items,express,east,stormy,231.7,12.23,Short (1-2h),truck,37.98,3,0,708.42,16.7146,0,2833.691,100.98864557988648,"express delivery, long distance (232 km)",,Short (1-2h),Short (1-2h)
8742.0,ekart,automobile parts,express,east,stormy,272.0,24.25,Short (1-2h),truck,38.31,3,3,1649.0,16.5184,1,6596.0,60.893223819301845,"express delivery, long distance (272 km), heavy package (24.2 kg)",,Short (1-2h),Medium (3-5h)
11143.0,amazon logistics,pharmacy,same day,east,stormy,235.5,7.5,Medium (3-5h),scooter,29.07,4,12,883.12,15.0932,3,1766.25,171.05263157894737,"rainy weather, same day delivery, long distance (236 km)",,Medium (3-5h),Long (6+h)
3994.0,ekart,automobile parts,express,east,stormy,131.8,35.79,Short (1-2h),truck,32.15,3,0,1179.28,16.5184,0,4717.122,22.74644747840624,"express delivery, long distance (132 km), heavy package (35.8 kg)",,Short (1-2h),Medium (3-5h)
3463.0,amazon logistics,pharmacy,express,east,stormy,262.5,37.94,Long (6+h),bike,36.97,3,12,9959.25,15.0932,4,9959.25,38.80967402733964,"stormy weather, express delivery, long distance (262 km), heavy package (37.9 kg)",,Long (6+h),Long (6+h)
12391.0,delhivery,pharmacy,express,east,stormy,180.2,26.91,Long (6+h),van,35.33,3,12,1616.39,14.5973,4,4849.182,38.19807478711588,"stormy weather, express delivery, long distance (180 km), heavy package (26.9 kg)",,Long (6+h),Medium (3-5h)
18028.0,ekart,documents,express,east,stormy,83.9,5.04,Short (1-2h),bike,27.06,3,6,422.86,16.5184,2,422.8560000000001,94.284046692607,"foggy weather, express delivery, medium distance (84 km)",,Short (1-2h),Medium (3-5h)
23969.0,dhl,electronics,express,east,stormy,205.0,3.67,Short (1-2h),ev bike,33.61,3,0,376.18,15.3714,0,752.35,288.0663129973475,"express delivery, long distance (205 km)",,Short (1-2h),Medium (3-5h)
13160.0,ecom express,groceries,express,east,stormy,291.1,2.52,Medium (3-5h),bike,41.0,3,0,733.57,16.3949,0,733.5720000000001,577.5038167938931,"express delivery, long distance (291 km)",,Medium (3-5h),Medium (3-5h)
20504.0,ecom express,cosmetics,express,east,stormy,36.1,20.62,Medium (3-5h),truck,17.19,3,12,186.1,16.3949,4,744.3820000000001,14.11003861003861,"stormy weather, express delivery, heavy package (20.6 kg)",,Medium (3-5h),Medium (3-5h)
22383.0,shadowfax,furniture,express,east,stormy,74.5,41.83,Medium (3-5h),scooter,24.03,3,12,1558.17,15.4278,4,3116.335,13.06916289053184,"stormy weather, express delivery, medium distance (74 km), heavy package (41.8 kg)",,Medium (3-5h),Medium (3-5h)
23818.0,dhl,fragile items,express,east,stormy,284.7,0.67,Short (1-2h),scooter,40.1,3,3,95.37,15.3714,1,190.749,1915.8181818181815,"express delivery, long distance (285 km)",,Short (1-2h),Medium (3-5h)
5519.0,shadowfax,fragile items,express,east,stormy,79.3,6.86,Medium (3-5h),truck,25.58,3,9,136.0,15.4278,3,543.998,67.10919540229885,"rainy weather, express delivery, medium distance (79 km)",,Medium (3-5h),Medium (3-5h)
17102.0,shadowfax,furniture,express,east,stormy,213.9,36.07,Short (1-2h),truck,35.07,3,6,1928.84,15.4278,2,7715.373,33.942770251589714,"foggy weather, express delivery, long distance (214 km), heavy package (36.1 kg)",,Short (1-2h),Medium (3-5h)
4682.0,blue dart,electronics,same day,east,stormy,157.1,6.61,Short (1-2h),ev bike,19.4,4,12,519.22,15.6608,3,1038.431,134.92250372578243,"rainy weather, same day delivery, long distance (157 km)",,Short (1-2h),Long (6+h)
9242.0,blue dart,groceries,express,east,stormy,284.7,12.16,Long (6+h),scooter,40.1,3,9,1730.98,15.6608,3,3461.952,123.163132137031,"rainy weather, express delivery, long distance (285 km)",,Long (6+h),Short (1-2h)
14964.0,ecom express,furniture,express,east,stormy,200.1,13.37,Short (1-2h),ev bike,32.8,3,3,1337.67,16.3949,1,2675.337,80.96585003711952,"express delivery, long distance (200 km)",,Short (1-2h),Medium (3-5h)
21260.0,shadowfax,documents,same day,east,stormy,279.8,31.29,Medium (3-5h),ev van,34.54,4,16,4377.47,15.4278,4,8754.942000000001,50.74450461930551,"stormy weather, same day delivery, long distance (280 km), heavy package (31.3 kg)",,Medium (3-5h),Long (6+h)
20219.0,ekart,pharmacy,express,east,stormy,16.5,36.84,Medium (3-5h),ev van,7.86,3,9,303.93,16.5184,3,607.86,6.57877639415268,"rainy weather, express delivery, heavy package (36.8 kg)",,Medium (3-5h),Medium (3-5h)
16799.0,amazon logistics,furniture,express,east,stormy,173.0,38.25,Short (1-2h),scooter,33.92,3,3,3308.62,15.0932,1,6617.25,26.85136897001304,"express delivery, long distance (173 km), heavy package (38.2 kg)",,Short (1-2h),Medium (3-5h)
17164.0,dhl,cosmetics,express,east,stormy,131.0,9.82,Medium (3-5h),scooter,31.95,3,9,643.21,15.3714,3,1286.42,74.03830645161291,"rainy weather, express delivery, long distance (131 km)",,Medium (3-5h),Long (6+h)
17087.0,ecom express,furniture,same day,east,stormy,233.4,25.68,Short (1-2h),ev van,28.81,4,8,2996.86,16.3949,2,5993.712,52.13498836307215,"foggy weather, same day delivery, long distance (233 km), heavy package (25.7 kg)",,Short (1-2h),Long (6+h)
16758.0,dhl,cosmetics,same day,east,stormy,251.0,42.2,Medium (3-5h),bike,30.99,4,16,10592.2,15.3714,4,10592.2,35.026004728132385,"stormy weather, same day delivery, long distance (251 km), heavy package (42.2 kg)",,Medium (3-5h),Medium (3-5h)
